{
  "refos": 1.1750221252441406, 
  "seL4_libs": 1.4150879383087158, 
  "util_libs": 1.8855631351470947, 
  "seL4": 2.4023079872131348, 
  "musllibc": 1.7370219230651855, 
  "seL4_tools": 0.900184154510498
}